き,1,機,名詞-接尾-一般
きり,1,きり,
なんか,1,なんか,
まみれ,1,まみれ,名詞-接尾-一般
あて,1,宛,
えい,1,営,
が,1,画,
かく,1,画,
がい,1,街,
かけ,1,掛け,
わり,1,割,
かん,1,観,
より,1,寄り,
きょう,1,橋,
けい,1,系,
けん,1,圏,
こう,1,光,
あわせ,1,合わせ
し,1,士
じ,1,児
じ,1,次
どころか,1,所か
しょ,1,書
しょう,1,症
しょう,1,証
じょう,1,嬢
じょう,1,条
しん,1,心
せい,1,制
まし,1,増し
たい,1,帯
ちょ,1,著
は,1,派
はい,1,敗
もの,1,物
み,1,味
もう,1,網
やく,1,薬
ゆ,1,油
アクセル,1,アクセル
エアメール,1,エアメール
アルカリ,1,アルカリ
アルミ,1,アルミ
アマチュア,1,アマチュア
アプローチ,1,アプローチ
アラブ,1,アラブ
オートマチック,1,オートマチック
オートマティック,1,オートマティック
バック,0,バック
バッジ,1,バッジ
バンド,0,バンド
バー,1,バー
ベース,1,ベース
バット,1,バット
バス,1,バス
バッテリー,1,バッテリー
ベスト,1,ベスト
ベストセラー,1,ベストセラー
ブルー,1,ブルー
ブーム,1,ブーム
ブーツ,1,ブーツ
ボイコット,1,ボイコット
ビジネス,1,ビジネス
ブザー,1,ブザー
カメラマン,1,カメラマン
キャリア,1,キャリア
カーペット,1,カーペット
ケース,1,ケース
キャッチ,1,キャッチ
セレモニー,1,セレモニー
チェンジ,1,チェンジ
チャンネル,1,チャンネル
シック,1,シック
チャイム,1,チャイム
カクテル,1,カクテル
カムバック,1,カムバック
コメント,1,コメント
コマーシャル,1,コマーシャル
コンタクト,1,コンタクト
コンタクトレンズ,1,コンタクトレンズ
コンテスト,1,コンテスト
コントラスト,1,コントラスト
コントロール,1,コントロール
コーナー,1,コーナー
クレーン,1,クレーン
カンニング,1,カンニング
カット,1,カット
サイクル,1,サイクル
データ,1,データ
デコレーション,1,デコレーション
デモンストレーション,1,デモンストレーション
デザイン,1,デザイン
デザート,1,デザート
デッサン,1,デッサン
ダイヤグラム,0,ダイヤグラム
ドアー,0,ドアー
ダブル,1,ダブル
ダウン,1,ダウン
ダース,1,ダース
ドリル,1,ドリル
ドライブイン,1,ドライブイン
ドライバー,1,ドライバー
ドライ,1,ドライ
ドライクリーニング,1,ドライクリーニング
ダンプ,1,ダンプ
エレガント,1,エレガント
アンコール,1,アンコール
エンジニア,1,エンジニア
アンケート,1,アンケート
ファン,1,ファン
フェリー,1,フェリー
ファイト,1,ファイト
ファイル,1,ファイル
フイルム,0,フイルム
フィルター,1,フィルター
フォーム,1,フォーム
フロント,1,フロント
ガレージ,1,ガレージ
ジャンル,1,ジャンル
グレー,1,グレー
ゲスト,1,ゲスト
ガイド,1,ガイド
ガイドブック,1,ガイドブック
ホール,1,ホール
ハンガー,1,ハンガー
ヒント,1,ヒント
ホース,1,ホース
アワー,0,アワー
インフレ,1,インフレ
インフォーメーション,0,インフォーメーション,
インフォメーション,1,インフォメーション,
インテリ,1,インテリ,
インターチェンジ,1,インターチェンジ,
インターナショナル,1,インターナショナル,
インターホン,1,インターホン,
インターフォン,1,インターフォン,2
ジャズ,1,ジャズ,
ジーパン,1,ジーパン,
ゼリー,1,ゼリー,
ジャンボ,1,ジャンボ,
ジャンプ,1,ジャンプ,
ジャンパー,1,ジャンパー,
カルテ,1,カルテ,
カテゴリー,1,カテゴリー,
コンパス,1,コンパス,
ラベル,1,ラベル,
レディー,1,レディー,
ランプ,1,ランプ,
リード,1,リード,
レッスン,1,レッスン,
レバー,1,レバー,
ルーズ,1,ルーズ,
メーカー,1,メーカー,
マーク,1,マーク,
マスコミ,1,マスコミ,
マッサージ,1,マッサージ,
メディア,1,メディア,
メロディー,1,メロディー,
メッセージ,1,メッセージ,
マイクロホン,1,マイクロホン,
マイクロフォン,1,マイクロフォン,2
ミスプリント,1,ミスプリント
ミス,1,ミス
モニター,1,モニター
ムード,1,ムード
モーテル,1,モーテル
ミセス,1,ミセス
ミュージック,1,ミュージック
ナプキン,1,ナプキン
ネガ,1,ネガ
ノイローゼ,1,ノイローゼ
ニュー,1,ニュー
ナイター,1,ナイター
ノー,0,ノー
ナンセンス,1,ナンセンス
ニュアンス,1,ニュアンス
オーケー,1,オーケー
オンライン,1,オンライン,
オープン,1,オープン,
オリエンテーション,1,オリエンテーション,
オーバー,1,オーバー,
オーバーコート,0,オーバーコート,2
パチンコ,1,パチンコ,
ペア,1,ペア,
パジャマ,1,パジャマ,
パトカー,1,パトカー,
ポイント,1,ポイント,
ポンプ,1,ポンプ,
ポーズ,1,ポーズ,
ポジション,1,ポジション,
ポット,1,ポット,
パンク,1,パンク,
クイズ,1,クイズ,
レース,1,レース
レンジ,1,レンジ
レギュラー,1,レギュラー
レンタカー,1,レンタカー
ライス,1,ライス
ライバル,1,ライバル
ロマンチック,1,ロマンチック
ロマンティック,1,ロマンティック
レントゲン,1,レントゲン
ロープ,1,ロープ
ロープウエイ,1,ロープウエイ
ルール,1,ルール
サボる,1,サボる
セール,1,セール
サンドウィッチ,0,サンドウィッチ
サンタクロース,1,サンタクロース
ソース,1,ソース
シナリオ,1,シナリオ
セクション,1,セクション
センス,1,センス
セックス,1,セックス
シート,1,シート
ショック,1,ショック
ショー,1,ショー
サイズ,1,サイズ
スラックス,1,スラックス
ソックス,1,ソックス
ソロ,1,ソロ
スペース,1,スペース
スポーツカー,1,スポーツカー
スプリング,1,スプリング
スチーム,1,スチーム
ストロー,1,ストロー
ストレス,1,ストレス
スト,1,スト
ストライキ,1,ストライキ
ストロボ,1,ストロボ
スタジオ,1,スタジオ
システム,1,システム
タレント,1,タレント
チームワーク,1,チームワーク
テレックス,1,テレックス
サンキュー,1,サンキュー
タイル,1,タイル
タイム,1,タイム
タイムリー,1,タイムリー
タイマー,1,タイマー
タイミング,1,タイミング
ティシュペーパー,0,ティシュペーパー,2
ティッシュ,1,ティッシュ,
ティッシュペーパー,1,ティッシュペーパー,
タイトル,1,タイトル,
トーン,1,トーン,
タワー,1,タワー,
トランジスター,1,トランジスター,
トラブル,1,トラブル,
タイピスト,1,タイピスト,
ユニフォーム,1,ユニフォーム,
ユニーク,1,ユニーク,
アップ,1,アップ,
ウイルス,1,ウイルス,
ビールス,0,ビールス,
ボルト,1,ボルト,
ワット,1,ワット,
イエス,0,イエス,
ヤング,1,ヤング,
あくどい,1,あくどい,
あっさり,1,あっさり,
あべこべ,1,あべこべ,
あやふや,1,あやふや,
いかに,1,いかに,
いかにも,1,いかにも,
いけない,0,いけない,2
いざ,1,いざ,
いっそ,1,いっそ,
いやに,1,いやに,
うんざり,1,うんざり,
おっかない,1,おっかない,
おどおど,1,おどおど,
おむつ,1,オムツ
おとも,1,お供,
おさん,1,お産,
おつかい,1,お使い,2
おてあげ,1,お手上げ,
おせじ,1,お世辞,
がっくり,1,がっくり,
がっしり,1,がっしり,
がっちり,1,がっちり,
きちっと,1,きちっと,
きっかり,1,きっかり,
きっちり,1,きっちり,
きっぱり,1,きっぱり,
くっきり,1,くっきり,
ぐっと,1,ぐっと,
げっそり,1,げっそり,
こつ,1,コツ,
こないだ,0,こないだ,3
さ,1,さ,
さぞ,1,さぞ,
さっと,1,さっと,
さっばり,1,さっばり,
しくじる,1,しくじる,
じっくり,1,じっくり,
しなやか,1,しなやか,
しょっちゅう,1,しょっちゅう,
すばしこい,1,すばしこい,
ずばり,1,ずばり,
ずぶぬれ,1,ずぶ濡れ,
ずらっと,1,ずらっと,3
ずるずる,1,ずるずる,
すんなり,1,すんなり,
ぞんざい,1,ぞんざい,
たくましい,1,たくましい,
だったら,1,だったら,2
だと,1,だと,2
だぶだぶ,1,だぶだぶ,
だるい,1,だるい,
ちやほや,1,ちやほや,
ちょくちょく,1,ちょくちょく,
ちらっと,1,ちらっと,
でかい,1,でかい,
てっきり,1,てっきり,
てんで,1,てんで,
と,1,と,
どうやら,1,どうやら,
とぎれる,1,とぎれる,
とんだ,1,とんだ,
なんだかんだ,1,なんだかんだ,
にもかかわらず,1,にもかかわらず,4
ばてる,1,ばてる,
はらはら,1,はらはら,
びっしょり,1,びっしょり,
ひょっと,1,ひょっと,
びら,1,びら,
びり,1,びり,
ぶかぶか,1,ぶかぶか,
ふらふら,1,ふらふら,
ぶらぶら,1,ぶらぶら,
ふんだん,1,ふんだん,
ぺこぺこ,1,ぺこぺこ,
ほっと,1,ほっと,
ぼつぼつ,1,ぼつぼつ,
ぼやく,1,ぼやく,
もろい,1,もろに,
ややこしい,1,ややこしい
ゆとり,1,ゆとり
よし,1,よし
あいそう,1,愛想
あく,1,悪
あしからず,1,悪しからず
あっか,1,悪化
わるもの,1,悪者
あっとう,1,圧倒
あっぱく,1,圧迫
あつりょく,1,圧力
あっせん,1,斡旋
あつかい,1,扱い
あてる,1,宛てる
やすっぽい,1,安っぽい
あんせい,1,安静
あんさつ,1,暗殺
あんざん,1,暗算
あんじ,1,暗示
あんじる,1,案じる
あんのじょう,1,案の定
やみ,1,闇
もって,1,もって
いち,1,位置
いぜん,1,依然
いぞん,1,依存
いたく,1,委託
いりょく,1,威力
い,1,意
いきごむ,1,意気込む
いこう,1,意向
いと,1,意図
いじ,1,意地
いよく,1,意欲
い,1,異
いぎ,1,異議
いけん,1,異見
いせい,1,異性
いどう,1,異動
いろん,1,異論
いこう,1,移行
いじゅう,1,移住
いみん,1,移民
しなびる,1,萎びる
いしょう,1,衣装
いりょう,1,衣料
いるい,1,衣類
ちがえる,1,違える
いせき,1,遺跡,
いいん,1,医院,
そだち,1,育ち,
いくせい,1,育成,
いくたつ,0,育達,2
いちがいに,1,一概に,
いっかつ,1,一括,
いっき,1,一気,
いっきょ,1,一挙,
ひとすじ,1,一筋,
いっけん,1,一見,
ひところ,1,一頃,
いっしん,1,一心,
ひとりびとり,0,一人一人,
いっさい,1,一切,
ひといき,1,一息,
いったい,1,一帯,
いちどう,1,一同,
いちぶぶん,1,一部分,
いちべつ,0,一別,2
いちべつ,0,一瞥,
いっぺん,1,一変,
いちめん,1,一面,
いちもく,1,一目,
いちよう,1,一様,
いちりつ,1,一律,
いちれん,1,一連,
そらす,1,逸らす,
いなびかり,1,稲光,
いんかん,1,印鑑,
よって,1,因って,2
よって,1,由って,2
ひきさげる,1,引き下げる
ひきおこす,1,引き起こす
ひきとる,1,引き取る
ひきあげる,1,引き上げる
ひきずる,1,引き摺る
ひっかく,1,引っ掻く
のみこむ,1,飲み込む
いんき,1,陰気
いんきょ,1,隠居
あまぐ,1,雨具
うてん,1,雨天
うず,1,渦
うそつき,1,嘘つき
うんぬん,1,云々
うんえい,1,運営
うんそう,1,運送
うんちん,1,運賃
うんばん,1,運搬
うんめい,1,運命
うんゆ,1,運輸
うんよう,1,運用
いとなむ,1,営む
はえる,1,映える
えいしゃ,1,映写
えいぞう,1,映像
さかえる,1,栄える
えいじ,1,英字
えいゆう,1,英雄
えいせい,1,衛星
えき,1,液
えつらん,1,閲覧
つぶら,1,つぶら
えんかつ,1,円滑
えんまん,1,円満
ひいては,1,ひいては
のべ,1,延べ
えんがん,1,沿岸
えんせん,1,沿線
えんじる,1,演じる
えんしゅつ,1,演出
けむたい,1,煙たい
けむる,1,煙る
えん,1,縁
へり,1,縁
えんがわ,1,縁側
えんだん,1,縁談
とおざかる,1,遠ざかる
とおまわり,1,遠回り
えんぽう,1,遠方
なまり,1,鉛
けがらわしい,1,汚らわしい
よごれ,1,汚れ
おうしん,1,往診
おうきゅう,1,応急
おうせつま,0,応接間
おうぼ,1,応募
おしよせる,1,押し寄せる
おしこむ,1,押し込む
おしきる,1,押し切る
よこづな,1,横綱
おうごん,1,黄金
やしき,1,屋敷
おくびょう,1,臆病
おつ,1,乙
おれ,1,俺
おんわ,1,温和
ね,1,音
ねいろ,1,音色
したび,1,下火
したどり,1,下取り
したごころ,1,下心
したじ,1,下地
したしらべ,1,下調べ
げり,1,下痢
ばける,1,化ける
かごう,1,化合
かせき,1,化石
かせん,1,化繊
かり,1,仮
なんだか,1,何だか
なんと,1,何と,
なんなり,1,何なり,2
なにより,1,何より,
なにげない,1,何気ない,
なにとぞ,1,何卒,
かこう,1,加工,
かにゅう,1,加入,
かみ,1,加味,
かけい,1,家計,
いえで,1,家出,
かちく,1,家畜,
けらい,1,家来,
はて,1,果,
はたす,1,果たす,
はてる,1,果てる,
かせん,1,河川,
ひばな,1,火花,
かせい,1,火星,
こたつ,1,火燵,
かじょうがき,1,箇条書き,2
かだん,1,花壇,
かふん,1,花粉,
はなびら,1,花弁,
に,1,荷,
にづくり,1,荷造,
はなやか,1,華やか,
はなばなしい,1,華々しい,
きゃしゃ,1,華奢,
かがい,1,課外,
かだい,1,課題,
かへい,1,貨幣,
あやまち,1,過ち,
かそ,1,過疎
かみつ,1,過密
かろう,1,過労
かすむ,1,霞む
われ,1,我
が,1,画
かっきてき,1,画期的
かいご,1,介護
かいにゅう,1,介入
かいほう,1,介抱
かいけん,1,会見
かいだん,1,会談
ほどける,1,解ける
かいじょ,1,解除
かいぼう,1,解剖
かいしゅう,1,回収
かいそう,1,回送
かいらん,1,回覧
かいろ,1,回路
こころよい,1,快い
かいじゅう,1,怪獣
なつく,1,懐く
あらたまる,1,改まる
かいあく,1,改悪
かいかく,1,改革
かいしゅう,1,改修
かいてい,1,改定
かいてい,1,改訂
かいりょう,1,改良
かいうん,1,海運
かいきょう,1,海峡
かいばつ,1,海抜
かいりゅう,1,海流
かいろ,1,海路
かいさい,1,開催
かいたく,1,開拓
かいはつ,1,開発
かいきゅう,1,階級
かいそう,1,階層
かいがら,1,貝殻
がいか,1,外貨
がいかん,1,外観
がいしょう,1,外相
そっぽ,1,そっぽ
がいらい,1,外来
がいする,1,害する
がけ,1,崖
がいせつ,1,概説
がいねん,1,概念
がいよう,1,概要
がいりゃく,1,概略
がいとう,1,街頭
かいどう,1,街道
がいとう,1,該当
かくしゅ,1,各種
かくさん,1,拡散
かく,1,格
かくさ,1,格差
かくべつ,1,格別
かく,1,核
かくとく,1,獲得
えもの,1,獲物
かくしん,1,確信
かくてい,1,確定
かくほ,1,確保
かくりつ,1,確立
おぼえ,1,覚え
かく,1,角
つの,1,角
へだたる,1,隔たる
かくしゅう,1,隔週
かくしん,1,革新
かくめい,1,革命
がくげい,1,学芸
がくし,1,学士
がくせつ,1,学説
がくれき,1,学歴
らっかん,1,楽観
がくふ,1,楽譜
あご,1,顎
かけ,1,掛け,
わりこむ,1,割込む,
わりあて,1,割当,
かっぱつ,1,活発,
なめらか,1,滑らか,
ずれ,1,滑れ,
こっけい,1,滑稽,
かつ,1,且,
かなう,1,叶う,
かなえる,1,叶える,
かぶしき,1,株式,
かみきる,1,噛切る,2
かゆ,1,粥,
さむけ,1,寒気,
かんこう,1,刊行,
かんべん,1,勘弁,
すすめ,1,勧め
かんこく,1,勧告
かんゆう,1,勧誘
たえる,1,堪える
たえる,1,耐える
かんぺき,1,完璧
かん,1,官
かんりょう,1,官僚
かんよう,1,寛容
ほし,1,干し
ほしもの,1,干し物
かんしょう,1,干渉
みき,1,幹
かんせん,1,幹線
かんぶ,1,幹部
かんしょく,1,感触
かんせん,1,感染
かんど,1,感度
かんむりょう,1,感無量
ならす,1,慣らす
ならす,1,馴らす
なれ,1,慣れ
かんこう,1,慣行
かんしゅう,1,慣習
かんよう,1,慣用
かんれい,1,慣例
かんさん,1,換算
あえて,1,敢えて
かんせい,1,歓声
かんご,1,漢語
あまえる,1,甘える
あまくち,1,甘口
かんご,1,看護
さお,1,竿
かん,1,管
かんい,1,簡易
かんけつ,1,簡潔
かんそ,1,簡素
ゆるむ,1,緩む
ゆるめる,1,緩める
ゆるやか,1,緩やか
かんわ,1,緩和
かんじん,1,肝心
かんじん,1,肝腎
かんしゅう,1,観衆
かんてん,1,観点
かんらん,1,観覧
つらぬく,1,貫く
かんろく,1,貫禄
かんげん,1,還元
かんれき,1,還暦
まごつく,1,まごつく
あいだがら,1,間柄
かんぜい,1,関税
かんよ,1,関与
まるごと,1,丸ごと
まるっきり,1,まるっきり
まるめる,1,丸める
まるまる,1,丸々
がんぐ,1,玩具
がん,1,癌
がんか,1,眼科
がんきゅう,1,眼球
がんせき,1,岩石
にせもの,1,贋物
かり,1,雁
がんこ,1,頑固
がんじょう,1,頑丈
かおつき,1,顔付
がんしょ,1,願書
きかく,1,企画
あやぶむ,1,危ぶむ
きがい,1,危害
きき,1,危機
きげき,1,喜劇
うつわ,1,器
きかん,1,器官
ききん,1,基金
よりかかる,1,寄り掛かる
きぞう,1,寄贈
きよ,1,寄与
いくた,1,幾多
きこん,1,既婚
きじつ,1,期日
きまつ,1,期末
きけん,1,棄権
きこう,1,機構
ききょう,1,帰京
きがる,1,気軽
きがね,1,気兼ね
きしつ,1,気質
きしょう,1,気象
きざ,1,気障
かぶれる,1,かぶれる
きひん,1,気品
きふう,1,気風
きまぐれ,1,気紛れ
きだて,0,気立て
きりゅう,1,気流
きせん,1,汽船
いのり,1,祈り
きかん,1,季刊
きかく,1,規格
きせい,1,規制
きてい,1,規定
きはん,1,規範
きぼ,1,規模
きやく,1,規約
しるす,1,記す
きさい,1,記載
きじゅつ,1,記述
きめい,1,記名
きぞく,1,貴族
きげん,1,起源
きてん,1,起点
きふく,1,起伏
きどう,1,軌道
ぎぞう,1,偽造
ききょく,1,戯曲
わざ,1,技
ぎのう,1,技能
あざむく,1,欺く
ぎせい,1,犠牲
ぎわく,1,疑惑
ぎり,1,義理
ぎあん,1,議案
ぎけつ,1,議決
ぎじどう,1,議事堂
ぎだい,1,議題
すくう,1,掬う
まり,1,鞠
なじる,1,詰る
きゃっかん,1,客観
きゃくしょく,1,脚色
きゃくほん,1,脚本
ぎゃくてん,1,逆転
さかだち,1,逆立ち
きゅうりょう,1,丘陵
ひさしい,1,久しい
やすめる,1,休める
きゅうがく,1,休学
きゅうせん,1,休戦
および,1,及び
およぶ,1,及ぶ
きゅうでん,1,宮殿
ゆみ,1,弓
せかす,1,急かす
すくい,1,救い
きゅうえん,1,救援
きゅうさい,1,救済
くちる,1,朽ちる
きゅうこん,1,球根
きゅうきょく,1,究極
きゅうくつ,1,窮屈
きゅうぼう,1,窮乏
たまう,1,給う
きゅうじ,1,給仕
きゅうしょく,1,給食
きゅうち,1,旧知
きょじゅう,1,居住
きょぜつ,1,拒絶
きょひ,1,拒否
きょよう,1,許容
ぎょせん,1,漁船
ぎょそん,1,漁村
きょうじゅ,1,享受
きそう,1,競う
とも,1,共
ともかせぎ,1,共稼ぎ
きょうがく,1,共学
きょうかん,1,共感
きょうぞん,1,共存
ともばたらき,1,共働き
きょうめい,1,共鳴
きょうわ,1,共和
きょうさく,1,凶作
きょうかい,1,協会
きょうぎ,1,協議
きょうちょう,1,協調
きょうてい,1,協定
さけび,1,叫び
きょうぐう,1,境遇
きょうち,1,境地
きょう,1,強
しいて,1,強いて
しいる,1,強いる
つよまる,1,強まる
つよめる,1,強める
きょうこう,1,強硬
きょうこう,1,強行
きょうせい,1,強制
ねだる,1,強請る
きょうれつ,1,強烈
おびえる,1,怯える
おそれいる,1,恐れ入る
おしえ,1,教え
きょうか,1,教科
きょうくん,1,教訓
きょうざい,1,教材
きょうしゅう,1,教習
きょうしょく,1,教職
はしわたし,1,橋渡し
まして,1,況して
おどす,1,脅す
きょうはく,1,脅迫
きょうじる,1,興じる
こうぎょう,1,興業
こうふん,1,興奮
きょうしゅう,1,郷愁
きょうど,1,郷土
きょうり,1,郷里
おどろき,1,驚き
きょうい,1,驚異
あおぐ,1,仰ぐ
こらす,1,凝らす
こる,1,凝る
ぎょうしゃ,1,業者
ぎょうせき,1,業績
ぎょうむ,1,業務
きょくげん,1,局限
きわめて,1,極めて
ごくらく,1,極楽
きょくたん,1,極端
つとめさき,1,勤め先
きんべん,1,勤勉
きんむ,1,勤務
きんろう,1,勤労
きんこう,1,均衡
きんじる,1,禁じる
きんもつ,1,禁物
きんきゅう,1,緊急
きん,1,菌
えり,1,襟
つつしむ,1,謹む
きんがん,1,近眼
きんこう,1,近郊
きんし,1,近視
かなづち,1,金槌
ぎんみ,1,吟味
くかく,1,区画
くかん,1,区間
まちまち,1,区々
くぎり,1,区切り
く,1,苦
かけっこ,1,かけっこ
かける,1,駆ける
かけあし,1,駆け足
おろか,1,愚か
ぐち,1,愚痴
むなしい,1,空しい
むなしい,1,虚しい
うつろ,1,空ろ
くうかん,1,空間
くうふく,1,空腹
くっせつ,1,屈折
くんしゅ,1,君主
ぐん,1,群
むらがる,1,群がる
ぐんしゅう,1,群集
ぐんしゅう,1,群衆
ぐんかん,1,軍艦
ぐんじ,1,軍事
ぐんび,1,軍備
ぐんぷく,1,軍服
かたむける,1,傾ける
けいしゃ,1,傾斜
けい,1,刑
けいばつ,1,刑罰
けいせい,1,形勢
けいせい,1,形成
けいたい,1,形態
めぐみ,1,恵み
めぐむ,1,恵む
かかげる,1,掲げる
けいさい,1,掲載
たずさわる,1,携わる
けいたい,1,携帯
けいぐ,1,敬具
へる,1,経る
けいい,1,経緯
けいか,1,経過
けいひ,1,経費
けいれき,1,経歴
けいろ,1,経路
つぎめ,1,継ぎ目
つぐ,1,継ぐ
くき,1,茎
けいき,1,計器
けいかい,1,警戒,
けいぶ,1,警部,
けいかい,1,軽快,
けいげん,1,軽減,
けいべつ,1,軽蔑,
けいそつ,1,軽率,
げい,1,芸,
げきだん,1,劇団,
げきれい,1,激励,
かく,1,欠く,
けつじょ,1,欠如,
けつぼう,1,欠乏,
けつ,1,決,
きまりわるい,1,決まり悪い,2
けつい,1,決意,
けつぎ,1,決議,
けっこう,1,決行
けっさん,1,決算
けっしょう,1,決勝
けつだん,1,決断
むすび,1,結
むすびつき,1,結び付き
むすびつく,1,結び付く
むすびつける,1,結び付ける
けっかく,1,結核
けつごう,1,結合
けっしょう,1,結晶
けっせい,1,結成
けっそく,1,結束
けっかん,1,血管
げっしゃ,1,月謝
げっぷ,1,月賦
つきなみ,1,月並
けん,1,件
けんやく,1,倹約
すこやか,1,健やか
けんざい,1,健在
けんぜん,1,健全
けんぎょう,1,兼業
けんよう,1,兼用
いやらしい,1,いやらしい
いやいや,1,嫌々
たてまえ,1,建前
けんしょう,1,懸賞
めくる,1,捲る
けんじ,1,検事
けんい,1,権威
けんげん,1,権限
けんりょく,1,権力
とぐ,1,研ぐ
みせびらかす,1,見せびらかす
みせもの,1,見せ物
みかける,1,見掛ける
みぐるしい,1,見苦しい
みはからう,1,見計らう
みあい,1,見合い
みあわせる,1,見合わせる
みこみ,1,見込み
みすぼらしい,1,みすぼらしい
みならう,1,見習う
みはらし,1,見晴らし
みつもり,1,見積もり
けんち,1,見地
みとおし,1,見通し
みわたす,1,見渡す,
みのがす,1,見逃す,
みおとす,1,見落す,
みなす,1,見なす,
へりくだる,1,謙る,
けんめい,1,賢明,
のきなみ,1,軒並,
やりとげる,1,遣り遂げる,
やりとおす,1,遣り通す,2
げんしゅ,1,元首,
げんそ,1,元素,
がんねん,1,元年,
がんらい,1,元来,
はらっぱ,1,原っぱ,
げんけい,1,原型,
げんけい,1,原形,
げんさく,1,原作
げんし,1,原子
げんしょ,1,原書
げんそく,1,原則
げんてん,1,原典
げんてん,1,原点
げんばく,1,原爆
げんぶん,1,原文
げんゆ,1,原油
おごそか,1,厳か
げんみつ,1,厳密
げんしょう,1,減少
げんてん,1,減点
みなもと,1,源
くろうと,1,玄人
げんこう,1,現行
げんぞう,1,現像
げんち,1,現地
いいわけ,1,言い訳
ゆう,0,言う
ことづて,1,言伝
げんろん,1,言論
げんてい,1,限定
ここ,1,個々
こせい,1,個性
こべつ,1,個別
こだい,1,古代
よびとめる,1,呼び止める
かためる,1,固める
こてい,1,固定
こゆう,1,固有
こじ,1,孤児
こどく,1,孤独
こりつ,1,孤立
こせき,1,戸籍
とじまり,1,戸締り
とまどい,1,戸惑い
こ,1,故
ゆえ,1,故
こじん,1,故人
また,1,股
ほこる,1,誇る
こちょう,1,誇張
またがる,1,跨る
こよう,1,雇用
あとまわし,1,後回し
こうかい,1,後悔
こうたい,1,後退
こうはん,1,後半,
おみや,1,御宮,
ございます,1,御座います,2
おふくろ,1,御袋,
おまけ,1,おまけ,
ごらんなさい,1,御覧なさい,2
さとる,1,悟る,
ごばん,1,碁盤,
ごく,1,語句,
ごげん,1,語源,
ごい,1,語彙,
あやまる,1,誤る,
ごさ,1,誤差,
ごまかす,1,誤魔化す,
ごえい,1,護衛,
まじえる,1,交える,
かわす,1,交わす,
まじわる,1,交わる,
こうえき,1,交易,
こうご,1,交互,
こうしょう,1,交渉,
こうたい,1,交代,
こうふ,1,交付,
こうたく,1,光沢,
こうねつひ,1,光熱費,2
おおやけ,1,公,
こうえん,1,公演,
こうかい,1,公開,
こうぜん,1,公然,
こうだん,1,公団,
こうにん,1,公認,
こうぼ,1,公募,
こうよう,1,公用
こうりつ,1,公立
ききめ,1,効き目
こうりつ,1,効率
くちずさむ,1,口ずさむ
こうじゅつ,1,口述
こうとう,1,口頭
こうじょう,1,向上
あか,1,垢
いいかげん,1,好い加減
このましい,1,好ましい
こうい,1,好意
こうきょう,1,好況
こうちょう,1,好調
こうひょう,1,好評
こうがく,1,工学
こうさく,1,工作
たくみ,1,巧み
こうみょう,1,巧妙
ひろまる,1,広まる
こうぎ,1,抗議
こうそう,1,抗争
こだわる,1,拘る
こうそく,1,拘束
ひかえる,1,控える
ひかえしつ,1,控室
こうじょ,1,控除
せめ,1,攻め
かまえ,1,構え
かまえる,1,構える
こうそう,1,構想
こうずい,1,洪水
どぶ,1,溝,
みぞ,1,溝,
こう,1,甲,
こうきょ,1,皇居,
こうさく,1,耕作,
こうこがく,1,考古学,
こうかい,1,航海,
あらっぽい,1,荒っぽい,
あらす,1,荒らす,
こうはい,1,荒廃,
いきちがい,1,行き違い,
いってらっしゃい,0,行ってらっしゃい,3
おこない,1,行ない,
こうい,1,行為,
こうしん,1,行進,
ぎょうせい,1,行政,
こうしゅう,1,講習
こうどく,1,講読
こうどく,1,購読
こうにゅう,1,購入
こうばい,1,購買
こうぎょう,1,鉱業
こうざん,1,鉱山
こうすい,1,降水
こうふく,0,降伏
こうしんりょう,1,香辛料
たかまる,1,高まる
こうげん,1,高原
こうしょう,1,高尚
あわす,1,合わす
ごうい,1,合意
あいま,1,合間
ごうぎ,1,合議
がっしょう,1,合唱
ごうせい,1,合成
がっち,1,合致
がっぺい,1,合併
つげる,1,告げる
こくはく,1,告白
こっこう,1,国交
こくさん,1,国産
こくてい,1,国定
こくど,1,国土
こくぼう,1,国防
こくゆう,1,国有
こくれん,1,国連
くろじ,1,黒字
とぼける,1,惚ける
ぼける,1,惚ける,
ぼける,1,暈ける,
こっとうひん,1,骨董品,2
いまさら,1,今更,
こんちゅう,1,昆虫,
ねまわし,1,根回し,
こんき,1,根気,
こんきょ,1,根拠,
こんてい,1,根底,
こんぽん,1,根本,
こんけつ,1,混血,
こんどう,1,混同,
たましい,1,魂,
ひだりきき,1,左利き,
さしひき,1,差し引き,
さしかかる,1,差し掛かる,
さしつかえる,1,差し支える,
さしだす,1,差し出す,
さがく,1,差額,
じゃり,1,砂利,
さぎ,1,詐欺,
ざだんかい,1,座談会,2
ざひょう,1,座標,
もよおす,1,催す,
さいかい,1,再会,
さいけん,1,再建,
さいげん,1,再現,
さいせい,1,再生,
さいはつ,1,再発,
さいぜん,1,最善,
もはや,1,最早,
さなか,1,最中,
さいくつ,1,採掘
さいけつ,1,採決
さいさん,1,採算
さいしゅう,1,採集
さいたく,1,採択
さいよう,1,採用
さいばい,1,栽培
すます,1,済ます
さいがい,1,災害
こまやか,1,細やか
こまやか,1,濃やか
さいきん,1,細菌
さいく,1,細工
さいぼう,1,細胞
さばく,1,裁く
ざいこ,1,在庫
ざい,1,財
ざいげん,1,財源
ざいせい,1,財政
さえる,1,冴える
さく,1,作
つくり,1,作り
つくり,1,造り
さくせん,1,作戦
さよう,1,作用
さくげん,1,削減
さく,1,柵
さく,1,策
さっかく,1,錯覚
さくご,1,錯誤
さっする,1,察する
さする,1,擦る
する,1,擦る
すれる,1,擦れる
すれちがい,1,擦れ違い
ふだ,1,札
さつじん,1,殺人
ざつ,1,雑
ざっか,1,雑貨
ざつだん,1,雑談
ぞうき,1,雑木
しゃみせん,1,三味線
さんぎいん,1,参議院
さんしょう,1,参照
さんじょう,1,参上
さんがく,1,山岳
さんちょう,1,山頂
さんぷく,1,山腹
さんみゃく,1,山脈
ばらまく,1,ばらまく
さんばし,1,桟橋
うむ,1,産む
さんきゅう,1,産休
さんご,1,産後
さんしゅつ,1,産出
さんふじんか,1,産婦人科
さんぶつ,1,産物
さんび,1,賛美
さん,1,酸
さんか,1,酸化
ざんきん,1,残金
ざんだか,1,残高
ざんこく,1,残酷
つかえる,1,仕える
しかけ,1,仕掛け
しかける,1,仕掛ける
しあがり,1,仕上がり
しあげ,1,仕上げ
しあげる,1,仕上げる
しきる,1,仕切る
しくみ,1,仕組
しいれる,1,仕入れる
しよう,1,仕様
しきたり,1,仕来り
したてる,1,仕立てる
つかいみち,1,使い道
しめい,1,使命
しようにん,1,使用人
ししゅう,1,刺繍
つかさどる,1,司る
しほう,1,司法
しはつ,1,始発
しまつ,1,始末
しそく,1,子息
いち,1,市
しがい,1,市街
しじょう,1,市場
し,1,師
こころざし,1,志
こころざす,1,志す
しこう,1,志向
しぼう,1,志望
おもいつき,1,思い付き
しこう,1,思考
しき,1,指揮
ゆびさす,1,指差す
さしず,1,指図,
してき,1,指摘,
しれい,1,指令,
しじ,1,支持,
ほどこす,1,施す,
しこう,1,施行,
しせつ,1,施設,
とどめる,1,止める,
し,1,死,
しけい,1,死刑,
しぶつ,1,私物,2
しゆう,1,私有,
しよう,1,私用,
しぼう,1,脂肪,
いたって,1,至って,
しかく,1,視覚,
しさつ,1,視察,
してん,1,視点,
しや,1,視野,
こころみ,1,試み,
こころみる,1,試みる,
しこう,1,試行,
はかる,1,諮る,
しかく,1,資格,
しきん,1,資金,
しさん,1,資産,
たまわる,1,賜る,
めす,1,雌,
しいく,1,飼育,
しか,1,歯科,
ことによると,1,事によると,4
じぎょう,1,事業,
じこう,1,事項,
じじつ,1,事実,
ことがら,1,事柄,
にかよう,1,似通う,
さむさい,1,侍,
じたい,1,字体,
もちきり,1,持ち切り,
もてる,1,持てる,
もてなす,1,持て成す,
じぞく,1,持続,
じこくひょう,1,時刻表,2
じさ,1,時差,
ときおり,1,時折,
ちあん,1,治安,
ちりょう,1,治療,
じき,1,磁器,
じき,1,磁気
じびか,1,耳鼻科
おのずから,1,自ずから
じが,1,自我
じかく,1,自覚
やけに,1,やけに
じこ,1,自己
うぬぼれる,1,自惚れる
じざい,1,自在
じしゅ,1,自主
じしゅ,1,自首
じそんしん,1,自尊心
じてん,1,自転
じどうし,1,自動詞
じりつ,1,自立
じしょく,1,辞職
じたい,1,辞退,
しきじょう,1,式場,
じく,1,軸,
しずく,1,雫,
しっかく,1,失格,
しっきゃく,1,失脚,
しっちょう,1,失調,
しっと,1,嫉妬,
ことごとく,1,悉く,
しける,1,湿気る,
しつぎ,1,質疑,
しっそ,1,質素,
じつ,1,実,
じっか,1,実家,
じつぎょうか,1,実業家,2
じっしつ,1,実質,
じつじょう,1,実情,
じっせん,1,実践,
じったい,1,実態,
じっぴ,1,実費,
しば,1,芝,
うつし,1,写し,
しゃめん,1,斜面,
しゃこう,1,社交,
しゃたく,1,社宅,
しゃざい,1,謝罪,
しゃぜつ,1,謝絶,
さえぎる,1,遮る,
かり,1,借り,
もしかして,1,若しかして,3
もしくは,1,若しくは,3
じゃっかん,1,若干,
わかもの,1,若者
じゃく,1,弱
よわまる,1,弱まる
よわめる,1,弱める
よわる,1,弱る
しゅ,1,主
ぬし,1,主
しゅえん,1,主演
しゅかん,1,主観
しゅけん,1,主権
しゅさい,1,主催
しゅしょく,1,主食
しゅじんこう,1,主人公
しゅたい,1,主体
しゅだい,1,主題
しゅどう,1,主導
しゅにん,1,主任
とりあつかい,1,取り扱い
とりあつかう,1,取り扱う
とりひき,1,取り引き
とりまく,1,取り巻く
とりあえず,1,取り敢えず
とりよせる,1,取り寄せる
とりまぜる,1,取り混ぜる
とりつぐ,1,取り次ぐ
とりのぞく,1,取り除く
とりくむ,1,取り組む
とりかえ,1,取り替え
とりしらべる,1,取り調べる
とりしまり,1,取り締まり
とりしまる,1,取り締まる
とりつける,1,取り付ける
とりわけ,1,取り分け
とりもどす,1,取り戻す
とりたてる,1,取り立てる
しゅざい,1,取材
しゅえい,1,守衛
しゅび,1,守備
てびき,1,手引き
てまわし,1,手回し
てがかり,1,手掛かり
てがける,1,手掛ける
てぢか,1,手近
てがる,1,手軽
しゅげい,1,手芸
てごろ,1,手頃
てぎわ,1,手際
てじゅん,1,手順
てじょう,1,手錠
てかず,1,手数
てすう,1,手数
ておくれ,1,手遅れ
てあて,1,手当て
てはい,1,手配
てはず,1,手筈
てわけ,1,手分け
しゅほう,1,手法
てほん,1,手本
ことに,1,殊に
しゅ,1,種
しゅじゅ,1,種々
はれる,1,腫れる
おもむき,1,趣
しゅし,1,趣旨
くびかざり,1,首飾り
しゅのう,1,首脳
くびわ,1,首輪
うかる,1,受かる
うけつぐ,1,受け継ぐ
うけとめる,1,受け止める
うけもち,1,受け持ち
うけいれ,1,受け入れ
うけいれる,1,受け入れる
うけつける,1,受け付ける
うけみ,1,受身
さずける,1,授ける
じゅもく,1,樹木
じゅりつ,1,樹立
おさまる,1,収まる
おさまる,1,納まる
おさまる,1,治まる
しゅうえき,1,収益
しゅうし,1,収支
しゅうしゅう,1,収集
しゅうよう,1,収容
しゅうき,1,周期
しゅうぎょう,1,就業
しゅうがく,1,修学
しゅぎょう,1,修行
しゅうし,1,修士
しゅうしょく,1,修飾
しゅうりょう,1,修了
しゅうし,1,終始
しゅうじつ,1,終日
しゅう,1,衆
しゅうぎいん,1,衆議院
おそう,1,襲う,
しゅうげき,1,襲撃,
けとばす,1,蹴飛ばす,
しゅうけい,1,集計,
じゅう,1,住,
じゅうじつ,1,充実,
じゅうじろ,1,十字路,
じゅうぎょういん,1,従業員,2
じゅうじ,1,従事,
じゅうらい,1,従来,
じゅうなん,1,柔軟,
しぶい,1,渋い,
しぶとい,1,しぶとい,
けだもの,1,獣,
けもの,1,獣,
おもんじる,1,重んじる,
じゅうふく,1,重複
ちょうふく,1,重複
ちょうほう,1,重宝
しゅくめい,1,宿命
しとやか,1,淑やか
しゅくが,1,祝賀
ちぢまる,1,縮まる
じゅく,1,塾
つくづく,1,つくづく
しゅつえん,1,出演
しゅっけつ,1,出血
しゅつげん,1,出現
しゅっさん,1,出産
しゅっしゃ,1,出社
しゅっせ,1,出世
しゅっしょう／しゅっせい,1,出生
しゅつだい,1,出題
でなおし,1,出直し
しゅつどう,1,出動
しゅっぴ,1,出費
しゅっぴん,1,出品
できもの,1,出来物
まばたき,1,瞬き
じゅんじる,1,準じる
じゅんきゅう,1,準急
うるおう,1,潤う
たて,1,盾
しょち,1,処置
しょばつ,1,処罰
しょぶん,1,処分
はつみみ,1,初耳
しょはん,1,初版
しょざい,1,所在
しょじ,1,所持
しょぞく,1,所属
しょてい,1,所定
しょとく,1,所得
しょゆう,1,所有
なぎさ,1,渚
しょみん,1,庶民
しょむ,1,庶務
かきとる,1,書き取る
しょひょう,1,書評
しょくん,1,諸君
たすけ,1,助け
しょげん,1,助言
じょし,1,助詞
じょどうし,1,助動詞
じょし,1,女史
じょこう,1,徐行
じょがい,1,除外
いためる,1,傷める
きずつく,1,傷つく
きずつける,1,傷付ける
つぐなう,1,償う
まさる,1,勝る
かって,1,勝手
しょうり,1,勝利
めす,1,召す
となえる,1,唱える
かつて,1,嘗て
なめる,1,嘗める
しょうれい,1,奨励
しょうにか,1,小児科
こぎって,1,小切手
こぜに,1,小銭
こうり,1,小売
こがら,1,小柄
なおさら,1,尚更
しょうだく,1,承諾
まねき,1,招き
てのひら,1,掌
しょうしん,1,昇進
こずえ,1,梢
ぬま,1,沼
しょうきょ,1,消去
しょうそく,1,消息
こげちゃ,1,焦げ茶
あせる,1,焦る
てりかえす,1,照り返す
しょうごう,1,照合
しょうめい,1,照明
かえりみる,1,省みる
かえりみる,1,顧みる
しょうする,1,称する
しょうげき,1,衝撃
あかし,1,証
しょうこ,1,証拠
しょうげん,1,証言
しょうにん,1,証人
しょうさい,1,詳細
しょうちょう,1,象徴
さわる,1,障る
うわ,0,上
あがり,1,上がり
じょうい,1,上位
じょうえん,1,上演,
うわまわる,1,上回る,
じょうくう,1,上空,
じょうし,1,上司,
じょうしょう,1,上昇,
じょうりく,1,上陸,
たけ,1,丈,
のっとる,1,乗っ取る,
のりこむ,1,乗り込む,
じょうか,1,城下,
じょう,1,情,
なさけ,1,情け,
なさけぶかい,1,情け深い,
なさけない,1,情け無い,2
じょうちょ／じょうしょ,1,情緒,
じょうせい,1,情勢,
じょうねつ,1,情熱,
じょうやく,1,条約,
つえ,1,杖,
じょうりゅう,1,蒸留,
じょうほ,1,譲歩,
うわる,1,植わる,
しょくみんち,1,植民地,2
おる,1,織る,
おりもの,1,織物,
しょくいん,1,職員,
しょくむ,1,職務,
しきさい,1,色彩,
くいちがう,1,食い違う,
しんじゃ,1,信者,
しんにん,1,信任,
しんねん,1,信念,
しんりゃく,1,侵略
ねかせる,1,寝かせる
しんぎ,1,審議
しんさ,1,審査
こころがけ,1,心掛け
こころがける,1,心掛ける
こころづよい,1,心強い
こころぼそい,1,心細い
しんじょう,1,心情
ここち,1,心地
しんじゅう,1,心中
しんちゅう,0,心中
こころえ,1,心得
ふり,1,振り
ふりだし,1,振り出し
ふりかえる,1,振り返る
しんこう,1,振興
しんどう,1,振動
しんこう,1,新興
しんこん,1,新婚
しんじん,1,新人
しんちく,1,新築
しんにゅうせい,1,新入生
ひたす,1,浸す
ふかめる,1,深める
もうしこみ,1,申し込み
もうしで,1,申し出
もうしでる,1,申し出る
もうしいれる,1,申し入れる
もうしぶん,1,申し分
しんこく,1,申告
まっぷたつ,1,まっぷたつ
ました,1,真下
まんまる,1,真丸
まんまる,1,真ん丸
しんじつ,1,真実
しんじゅ,1,真珠
まうえ,1,真上
まごころ,1,真心
まんまえ,1,真前
しんそう,1,真相
しんり,1,真理
しんせい,1,神聖
しんでん,1,神殿
しんぴ,1,神秘
しんし,1,紳士
したしむ,1,親しむ
しんぜん,1,親善
おやじ,1,親父,
しんりょう,1,診療,
みのまわり,1,身の回り,
みのうえ,1,身の上,
みぢか,1,身近,
みなり,1,身形,
みぶり,1,身振り,
からだつき,1,身体付き,2
かろうじて,1,辛うじて,
しんぼう,1,辛抱,
すすみ,1,進み,
しんか,1,進化,
しんこう,1,進行,
しんしゅつ,1,進出,
しんてい,1,進呈,
しんてん,1,進展,
しんど,1,進度
しんろ,1,進路
ふるわせる,1,震わせる
ひとかげ,1,人影
じんかく,1,人格
ひとけ,1,人気
じんざい,1,人材
ひとじち,1,人質
にんじょう,1,人情
じんたい,1,人体
ひとがら,1,人柄
じんみん,1,人民
ひとめ,1,人目
は,1,刃
ちり,1,塵
ちりとり,1,塵取
はなはだ,1,甚だ
つきる,1,尽きる
つくす,1,尽す
じんそく,1,迅速
じん,1,陣
はかる,1,図る
すいそう,1,吹奏
たれる,1,垂れる
すいしん,1,推進
すいそく,1,推測
すいり,1,推理
みずけ,1,水気
すいげん,1,水源
すいせん,1,水洗
すいでん,1,水田
いき,1,粋
すい,1,粋,
おとろえる,1,衰える,
とげる,1,遂げる,
すうはい,1,崇拝,
かさむ,1,嵩む,
かさばる,1,嵩張る,
すうし,1,数詞,
ひな,1,雛,
ひなまつり,1,雛祭り,2
すえる,1,据える,
すえつける,1,据付ける,
すそ,1,裾,
すます,1,澄ます,
すます,1,清ます,
よ,1,世,
せじ,1,世辞,
せたい,1,世帯
せだい,1,世代
せろん,1,世論
ぜせい,1,是正
せいする,1,制する
せいさい,1,制裁
せいてい,1,制定
せいふく,1,制服
せいやく,1,制約
せいりょく,1,勢力
せいめい,1,姓名
せいふく,1,征服
なりたつ,1,成り立つ
なるたけ,1,なるたけ
せいか,1,成果
せいじゅく,1,成熟
せいねん,1,成年
せいけん,1,政権
せいさく,1,政策
ととのえる,1,整える
せいぜん,1,整然
せいれつ,1,整列
せいざ,1,星座
せいてん,1,晴天
まさしく,1,正しく
せいかい,1,正解
せいき,1,正規
せいぎ,1,正義
せいじょう,1,正常
せいそう,0,正装
しょうたい,1,正体
せいとう,1,正当
きよらか,1,清らか
せいじゅん,1,清純
すがすがしい,1,清々しい
せいだく,1,清濁
いかす,1,生かす
いける,1,生ける
いける,1,活ける
うまれつき,1,生まれつき
はやす,1,生やす
せいいく,1,生育
せいいく,1,成育
なまぬるい,1,生温い
しょうがい,1,生涯
せいけい,1,生計
いきがい,1,生甲斐
せいし,1,生死
なまぐさい,1,生臭い
きまじめ,1,生真面目
なまみ,1,生身
せいり,1,生理
もりあがる,1,盛り上がる
せいそう,1,盛装
せいだい,1,盛大
せいこう,1,精巧
せいさん,1,精算
せいみつ,1,精密
せいしょ,1,聖書
せいめい,1,声明
せいてつ,1,製鉄
せいほう,1,製法
にしび,1,西日
まこと,1,誠
まことに,1,誠に
せいじつ,1,誠実
せいしゅん,1,青春
しずまる,1,静まる
せいし,1,静止
せいてき,1,静的
ぜいむしょ,1,税務署
もろい,1,脆い
おしむ,1,惜しむ
せきむ,1,責務
あからむ,1,赤らむ
あかじ,1,赤字
あとつぎ,1,跡継ぎ
きり,1,切
せつない,1,切ない
きれめ,1,切れ目
せっかい,1,切開
せつじつ,1,切実
きりかえる,1,切替える
つぐ,1,接ぐ
せっしょく,1,接触
せつぞくし,1,接続詞
おりかえす,1,折り返す
せっちゅう,1,折衷
もうける,1,設ける
せっち,1,設置
せってい,1,設定
せつりつ,1,設立
せつ,1,節
とく,1,説く
せっとく,1,説得
なだれ,1,雪崩
たえる,1,絶える
ぜっぱん,1,絶版
ぜつぼう,1,絶望
せん,1,先
さき,0,先
せんこう,1,先行
せんだい,1,先代
せんだって,1,先達て
せんちゃく,1,先着
せんてんてき,1,先天的
せんりょう,1,占領
せんきょう,1,宣教
せんげん,1,宣言
もっぱら,1,専ら
せんしゅう,1,専修
せんよう,1,専用
せんさい,1,戦災
せんじゅつ,1,戦術
せんとう,1,戦闘
せんりょく,1,戦力
あさましい,1,浅ましい
そまる,1,染まる
しみる,1,染みる
そめる,1,染める
くぐる,1,潜る
せんすい,1,潜水
せんにゅう,1,潜入
おだてる,1,煽てる
せんい,1,繊維
せんぱく,1,船舶
せんこう,1,選考
あざやか,1,鮮やか
まえもって,1,前もって
まえおき,1,前置き
せんてい,1,前提
ぜんと,1,前途
まえうり,1,前売り
ぜんはん,1,前半
ぜんれい,1,前例
よしあし,1,善し悪し
ぜんりょう,1,善良
しかしながら,1,然し乍ら
さも,1,さも
さほど,1,さほど
ぜんかい,1,全快
ぜんせい,1,全盛
ぜんめつ,1,全滅
ぜん,1,禅
つくろう,1,繕う,
ぜん,1,膳,
そち,1,措置,
おろそか,1,疎か,
そっけない,1,素っ気無い,2
そざい,1,素材,
すばやい,1,素早い,
そぼく,1,素朴,
くみあわせる,1,組み合わせる,
くみこむ,1,組み込む,
よみがえる,1,蘇る,
うったえ,1,訴え,
そしょう,1,訴訟,
はばむ,1,阻む,
そし,1,阻止,
そう,1,僧,
そうかん,1,創刊
そうぞう,1,創造
そうりつ,1,創立
も,1,喪
そうしつ,1,喪失
そうだい,1,壮大
そうさ,1,捜査
そうさく,1,捜索
かきまわす,1,掻き回す
かく,1,掻く
あやつる,1,操る
そうじゅう,1,操縦
はやめる,1,早める
そうきゅう／さっきゅう,1,早急
あらそい,1,争い
そう,1,相
そうおう,1,相応
ふさわしい,1,相応しい
あいつぐ,1,相次ぐ
そうば,1,相場
そうたい,1,相対
そうかい,1,総会
そうごう,1,総合
ほうむる,1,葬る
そうしょく,1,装飾
そうび,1,装備
そうこう,1,走行
そうきん,1,送金
そうなん,1,遭難
そうどう,1,騒動
ぞうか,1,増加
ぞうきょう,1,増強
ぞうしん,1,増進,
にくしみ,1,憎しみ,
くら,1,蔵,
ぞうしょう,1,蔵相,
うながす,1,促す,
そくしん,1,促進,
そくめん,1,側面,
そくする,1,即する,
そくざ,1,即座,
たばねる,1,束ねる,
つかのま,1,束の間,
そくばく,1,束縛,
たしざん,1,足し算,
すみやか,1,速やか,
それゆえ,1,それゆえ,2
そこら,1,そこら,
そろい,1,揃い
そんぞく,1,存続
とうとい,1,尊い
とうとい,1,貴い
とうとぶ,1,尊ぶ
そこなう,1,損なう
そんしつ,1,損失
たどうし,1,他動詞
たほう,1,他方
たすうけつ,1,多数決
たぼう,1,多忙
たよう,1,多様
だきょう,1,妥協
だけつ,1,妥結
うちこむ,1,打ち込む
うちけし,1,打ち消し
うちきる,1,打ち切る
うちあける,1,打ち明ける
だかい,1,打開
だげき,1,打撃
ださく,1,駄作
たいかく,1,体格
たいけん,1,体験
ていさい,1,体裁
たいりょく,1,体力
たいおう,1,対応
たいけつ,1,対決
たいこう,1,対抗
たいしょ,1,対処
たいだん,1,対談
たいとう,1,対等
たいひ,1,対比
たいめん,1,対面
たいわ,1,対話
おびる,1,帯びる
まちどおしい,1,待ち遠しい
まちあわせ,1,待ち合わせ
まちのぞむ,1,待ち望む
たいぐう,1,待遇
たいぼう,1,待望
おこたる,1,怠る
たいまん,1,怠慢
たいせい,1,態勢
わざわざ,1,わざわざ
とどこおる,1,滞る
たいのう,1,滞納
たいか,1,退化
たいがく,1,退学
たいじ,1,退治
たいしょく,1,退職
たい,1,隊
かわるがわる,1,代わるがわる
だいべん,1,代弁
だいよう,1,代用
だいほん,1,台本
だいなし,1,台無し
たいわん,0,台湾
おおまか,1,大まか
たいか,1,大家
たいがい,1,大概
おおすじ,1,大筋
たいきん,1,大金
おおぞら,1,大空
おおげさ,1,大袈裟
おおざっば,1,大雑把,
たいしゅう,1,大衆,
おおみず,1,大水,
だいたん,1,大胆,
たいぶ,1,大部,
おおはば,1,大幅,
おおがら,1,大柄,
だいべん,1,大便,
おおかた,1,大方,
だいいち,1,第一,2
だいする,1,題する,
すすぐ,1,濯ぐ,
ゆすぐ,1,濯ぐ,
ひたすら,1,ひたすら,
はたく,1,はたく,
たっしゃ,1,達者,
たっせい,1,達成
だっしゅつ,1,脱出
だったい,1,脱退
たどりつく,1,辿り着く
たどる,1,辿る
たん,1,単
たんいつ,1,単一
たんちょう,1,単調
たんどく,1,単独
なげく,1,嘆く
になう,1,担う
たんか,1,担架
たんけん,1,探検
だんな,1,旦那
たんそ,1,炭素
たんか,1,短歌
たんき,1,短気,
たんしゅく,1,短縮,
たんだい,1,短大,
たんぱ,1,短波,
ほころびる,1,綻びる,
ふける,1,耽る,
たんぱくしつ,1,蛋白質,2
きたえる,1,鍛える,
だんけつ,1,団結,
うちわ,1,団扇,
はじく,1,弾く,
はずむ,1,弾む,
だんりょく,1,弾力,
たつ,1,断つ,
だんげん,1,断言,
だんぜん,1,断然,
だんめん,1,断面
あたい,1,値
あたいする,1,値する
ねうち,1,値打ち
ちせい,1,知性
ちてき,1,知的
ちけい,1,地形
じもと,1,地元
じごく,1,地獄
じぬし,1,地主
たるみ,1,弛み
たるむ,1,弛む
はじ,1,恥
はじる,1,恥じる
はじらう,1,恥じらう
おそくとも,1,遅くとも
おくらす,1,遅らす
おくれ,1,遅れ
きずく,1,築く
ちくさん,1,畜産
ちくしょう,1,畜生
ちくせき,1,蓄積
ちつじょ,1,秩序
ちっそく,1,窒息
ちゃのま,1,茶の間
ちゃのゆ,1,茶の湯
ちゃっこう,1,着工
ちゃくしゅ,1,着手
きかざる,1,着飾る
ちゃくしょく,1,着色
ちゃくせき,1,着席
ちゃくもく,1,着目
ちゃくりく,1,着陸
ちゅうけい,1,中継
ちゅうしょう,1,中傷
ちゅうすう,1,中枢
ちゅうだん,1,中断
なかほど,1,中程
ちゅうどく,1,中毒
ちゅうふく,1,中腹
ちゅうりつ,1,中立
ちゅうわ,1,中和
なこうど,1,仲人
ちゅうがえり,1,宙返り
ちゅうこく,1,忠告
ちゅうじつ,1,忠実
ちゅうせん,1,抽選
ひるめし,1,昼飯
いちじるしい,1,著しい,
ちょしょ,1,著書,
ちょめい,1,著名,
ちょちく,1,貯蓄,
きざし,1,兆し,
はりがみ,1,張り紙,
ちょうしゅう,1,徴収,
こりる,1,懲りる,
いどむ,1,挑む,
ちょうせん,1,挑戦,
あさねぼう,0,朝寝坊,
しお,1,潮,
ちょうかく,1,聴覚,
ちょうこう,1,聴講,
ちょうしんき,1,聴診器,2
ちょう,1,腸,
ちょう,1,蝶
しらべ,1,調べ
ちょういん,1,調印
ちょうてい,1,調停
ちょうり,1,調理
ちょうわ,1,調和
ちょう,1,超
ちょうかん,1,長官
のどか,1,長閑
ながなが,1,長長
ちょうへん,1,長編
いただき,1,頂
とりい,1,鳥居
はかどる,1,捗る
ちょっかん,1,直感
ちょっけい,1,直径
ちょくぜん,1,直前
ちょくめん,1,直面
しずめる,1,沈める
しずめる,1,鎮める
ちんでん,1,沈澱
ちんぼつ,1,沈没
ちんもく,1,沈黙
ちんぎん,1,賃金
ちんれつ,1,陳列
つなみ,1,津波
ついらく,1,墜落
おいこむ,1,追い込む
おいだす,1,追い出す
ついきゅう,1,追及
ついせき,1,追跡
ついほう,1,追放
つうかん,1,痛感
つうせつ,1,痛切
つうじょう,1,通常
つじつま,1,辻褄
とじる,1,綴じる
つぼ,1,壷
つりかわ,1,吊革
つりがね,1,釣鐘
ていたい,1,停滞
ていぼう,1,堤防
さだまる,1,定まる
さだめる,1,定める
ていぎ,1,定義
ていしょく,1,定食
ていねん,1,定年
ていり,1,定理
ていきょう,1,提供
ていけい,1,提携
ていじ,1,提示
ていせい,1,訂正
あきらめ,1,諦め
ていたく,1,邸宅
つまむ,1,摘む
つむ,1,摘む
まと,1,的
かなう,1,適う
かなう,1,叶う
かなう,1,かなう
てきおう,1,適応
てきぎ,1,適宜
てきせい,1,適性
てっする,1,徹する
てっこう,1,鉄鋼
てつぼう,1,鉄棒
てん,1,天
てんか,1,天下
てんごく,1,天国
てんさい,1,天才
てんさい,1,天災
てんたい,1,天体
てんち,1,天地
てっぺん,1,天辺
てんじ,1,展示
てんぼう,1,展望
そえる,1,添える
まとめ,1,纏め
まとまり,1,まとまり
てんじる,1,転じる
てんかい,1,転回
てんかん,1,転換
てんきょ,1,転居
てんきん,1,転勤
てんこう,1,転校
うたたね,1,転寝
てんにん,1,転任
てんらく,1,転落
てんか,1,点火
てんけん,1,点検
てんせん,1,点線
でんせつ,1,伝説
でんたつ,1,伝達
でんらい,1,伝来
とのさま,1,殿様
でんえん,1,田園
でんげん,1,電源
とかく,1,兎角
ねたむ,1,妬む
とほ,1,徒歩
わたりどり,1,渡り鳥
とうこう,1,登校
とうろく,1,登録
かけ,1,賭け
かける,1,賭ける
とじょう,1,途上
とだえる,1,途絶える
つとめて,1,努めて
どわすれ,1,度忘れ
どて,1,土手
どだい,1,土台
どひょう,1,土俵
どぼく,1,土木
やつ,1,奴
いかり,1,怒り
とうさん,1,倒産
とうみん,1,冬眠
なげだす,1,投げ出す
とうし,1,投資
とうにゅう,1,投入
とう,1,棟
ぬすみ,1,盗み
とう,1,当
あて,1,当て
あたり,1,当り
あてじ,1,当字
あてじ,1,宛字
とうせん,1,当選
とうきゅう,1,等級
つつ,1,筒
とうごう,1,統合
とうち,1,統治
とうせい,1,統制
とうそつ,1,統率
とうたつ,1,到達
とうてい,1,到底
とろける,1,蕩ける
とうぎ,1,討議
とうろん,1,討論
ふまえる,1,踏まえる
ふみこむ,1,踏み込む
にげだす,1,逃げ出す
のがす,1,逃す
のがれる,1,逃れる
とうそう,1,逃走
とうぼう,1,逃亡
とうき,1,陶器
かしら,1,頭
うごき,1,動き
どういん,1,動員
どうき,1,動機
どうこう,1,動向
どうてき,1,動的
どうよう,1,動揺
どうりょく,1,動力
おないどし,1,同い年
どうい,1,同意
どうかん,1,同感
どうきゅう,1,同級
どうきょ,1,同居
どうし,1,同士
どうし,1,同志
どうじょう,1,同情
どうちょう,1,同調
どうとう,1,同等
どうふう,1,同封
どうめい,1,同盟
どうどう,1,堂々
みちびく,1,導く
どうにゅう,1,導入
あこがれ,1,憧れ
どうじょう,1,道場
みちばた,1,道端
とくてん,1,得点
とくぎ,1,特技
とっきょ,1,特許
とっけん,1,特権
とくさん,1,特産
とくしゅう,1,特集
とくは,1,特派
とくゆう,1,特有
どくさい,1,独裁
どくじ,1,独自
どくせん,1,独占
どくそう,1,独創
よみあげる,1,読み上げる
どくしゃ,1,読者
つっぱる,1,突っ張る
とつじょ,1,突如
とっぱ,1,突破
つつく,1,つつく
つっつく,1,つっつく
とどけ,1,届け
にぶる,1,鈍る
どんかん,1,鈍感
ないかく,1,内閣
ないしょ,1,内緒
ないしん,1,内心
ないぞう,1,内蔵
ないぶ,1,内部
うちわけ,1,内訳
ないらん,1,内乱
ないりく,1,内陸
なれなれしい,1,馴れ馴れしい
なん,1,難
にぎわう,1,賑わう
にくしん,1,肉親
にくたい,1,肉体
ひのまる,1,日の丸
ひかげ,1,日陰
ひなた,1,日向
ひごろ,1,日頃
ひどり,1,日取り
ひやけ,1,日焼け
にちや,1,日夜
ちち,1,乳
にゅうしゅ,1,入手
にゅうしょう,1,入賞
にゅうよく,1,入浴
にょう,1,尿
まかす,1,任す
にんむ,1,任務
にんめい,1,任命
にんしん,1,妊娠
にんしき,1,認識
ねつい,1,熱意
ねっとう,1,熱湯
ねつりょう,1,熱量
ねんが,1,年賀
ねんかん,1,年鑑
ねんごう,1,年号
としごろ,1,年頃
ねんちょう,1,年長
ねんりん,1,年輪
ねん,1,念
ねんがん,1,念願
ねんしょう,1,燃焼
ねんりょう,1,燃料
ねばり,1,粘り
ねばる,1,粘る
ないし,1,乃至
なやましい,1,悩ましい
なやます,1,悩ます
なやみ,1,悩み
のうにゅう,1,納入
のう,1,脳
のうこう,1,農耕
のうじょう,1,農場
のうち,1,農地
はあく,1,把握
はけん,1,派遣
はかい,1,破壊
はき,1,破棄
はそん,1,破損
はれつ,1,破裂
ののしる,1,罵る
ばかばかしい,1,馬鹿馬鹿しい
すたれる,1,廃れる
はいき,1,廃棄
はいし,1,廃止
はいけい,1,拝啓
はいしゃく,1,拝借
はいじょ,1,排除
はいすい,1,排水
はいせん,1,敗戦
はいぼく,1,敗北
さかずき,1,杯
そむく,1,背く
はいけい,1,背景
はいご,1,背後
はい,1,肺
はいきゅう,1,配給
はいぐうしゃ,1,配偶者,2
はいち,1,配置,
はいふ,1,配布,
はいぶん,1,配分,
はいりょ,1,配慮,
はいれつ,1,配列,
ばいりつ,1,倍率,
うめぼし,1,梅干,
うりだし,1,売り出し,
うりだす,1,売り出す,
ばいしょう,1,賠償,
はぐ,1,剥ぐ,
はげる,1,剥げる,
はくじょう,1,白状,
はくじゃく,1,薄弱,
はくがい,1,迫害,
ばくぜん,1,漠然
ばくだん,1,爆弾
ばくは,1,爆破
はついく,1,発育
はつが,1,発芽
はつげん,1,発言
ほっさ,1,発作
はっせい,1,発生
ほっそく,1,発足
はつびょう,1,発病
ばつ,1,罰
ぬかす,1,抜かす
ぬけだす,1,抜け出す
はん,1,判
はんけつ,1,判決
はんてい,1,判定
はんぱ,1,半端
そる,1,反る
はんのう,1,反応
はんかん,1,反感
はんきょう,1,反響
はんげき,1,反撃
はんしゃ,1,反射
はんぱつ,1,反発
はんらん,1,反乱
むら,1,斑
はんらん,1,氾濫
はん,1,版
はんが,1,版画
はん,1,班
ほとり,1,畔
はんえい,1,繁栄
はんしょく,1,繁殖
はんじょう,1,繁盛
わずらわしい,1,煩わしい
ばんねん,1,晩年
いやしい,1,卑しい
ひけつ,1,否決
かばう,1,庇う
ひかん,1,悲観
ひさん,1,悲惨
ひめい,1,悲鳴
とびら,1,扉
ひろう,1,披露
ひじゅう,1,比重
ひりつ,1,比率
ひれい,1,比例
ひろう,1,疲労
ひ,1,碑
ひしょ,1,秘書
ひりょう,1,肥料
ひ,1,被
ついやす,1,費やす
よける,1,避ける
ひなん,1,避難
ひこう,1,非行
ひなん,1,非難
そなえつける,1,備え付ける
そなわる,1,備わる
そなわる,1,具わる
お,1,尾
かすか,1,微か
びしょう,1,微笑
みじん,1,微塵
びりょう,1,微量
まゆ,1,眉
び,1,美
びじゅつ,1,美術
ひってき,1,匹敵
ひっしゅう,1,必修
ひつぜん,1,必然
ひょうご,1,標語
ただよう,1,漂う
ひょう,1,票
びょうしゃ,1,描写
やむ,1,病む
なえ,1,苗
ひんしつ,1,品質
ひんしゅ,1,品種
はま,1,浜
はまべ,1,浜辺
ひんけつ,1,貧血
ひんこん,1,貧困
ひんじゃく,1,貧弱
びんぼう,1,貧乏
ひんぱん,1,頻繁
びんかん,1,敏感
ふい,1,不意
ふかけつ,1,不可欠
ふきつ,1,不吉
ふきょう,1,不況
ふけいき,1,不景気
ふざい,1,不在
ふじゅん,1,不順
ふしん,1,不審
ふしん,1,不振
ふちょう,1,不調
ふとう,1,不当
ふどうさん,1,不動産
ふひょう,1,不評
ふふく,1,不服
ふめい,1,不明
ふりょう,1,不良
つけくわえる,1,付け加える
ふろく,1,付録
ふごう,1,富豪
ふきん,1,布巾
ふこく,1,布告
ふよう,1,扶養
ふへん,1,普遍
うわき,1,浮気
ふりょく,1,浮力
ふはい,1,腐敗
おう,1,負う
まかす,1,負かす
おんぶ,1,おんぶ
ふさい,1,負債
ふしょう,1,負傷
おもむく,1,赴く
ふにん,1,赴任
ぶじょく,1,侮辱
ぶそう,1,武装
ぶりょく,1,武力
まう,1,舞う
ぶか,1,部下
ぶもん,1,部門
ふう,1,封
ほうけん,1,封建
ふうさ,1,封鎖
ふうしゃ,1,風車
ふうしゅう,1,風習
ふうぞく,1,風俗
ふうど,1,風土
ふっかつ,1,復活
ふっきゅう,1,復旧
ふっこう,1,復興
ふく,1,福
ふくし,1,福祉
はらだつ,1,腹立つ
ふくごう,1,複合
くつがえす,1,覆す
ふくめん,1,覆面
ふっとう,1,沸騰
ぶつぞう,1,仏像
ぶつぎ,1,物議
ものずき,1,物好き
ぶっし,1,物資
ものたりない,1,物足りない
ぶったい,1,物体
ぶんぎょう,1,分業
ぶんさん,1,分散
ぶんし,1,分子
ぶんたん,1,分担
ぶんぱい,1,分配
ぶんぼ,1,分母
ぶんり,1,分離
ぶんれつ,1,分裂
ふんしゅつ,1,噴出
ふんがい,1,憤慨
たきび,1,焚き火
ふんとう,1,奮闘
こなごな,1,粉々
ふんまつ,1,粉末
まぎらわしい,1,紛らわしい
まぎれる,1,紛れる
ふんしつ,1,紛失
ふんそう,1,紛争
ぶんかざい,1,文化財
ぶんご,1,文語
ぶんしょ,1,文書
ききとる,1,聞き取る
へいき,1,兵器
へいし,1,兵士
ひらたい,1,平たい
へいじょう,1,平常
へいほう,1,平方
え,1,柄,
なみ,1,並,
ならびに,1,並びに,2
へいこう,1,並行,
へいれつ,1,並列,
へいこう,1,閉口,
へいさ,1,閉鎖,
べっきょ,1,別居,
へんけん,1,偏見,
へんかく,1,変革,
へんせん,1,変遷,
へんどう,1,変動,
かた,1,片,
かたこと,1,片言,
かたおもい,1,片思い,
かたづけ,1,片付け,
へんかん,1,返還
へんきゃく,1,返却
へんさい,1,返済
へんとう,1,返答
べんぎ,1,便宜
べんかい,1,弁解
べんご,1,弁護
べんしょう,1,弁償
べんろん,1,弁論
たもつ,1,保つ
ほいく,1,保育
ほおん,1,保温
ほかん,1,保管
ほけん,1,保険
ほご,1,保護
ほしゅ,1,保守
ほしょう,1,保障
ほよう,1,保養
ほそう,1,舗装
ほかく,1,捕獲
ほげい,1,捕鯨
ほりょ,1,捕虜
あゆみ,1,歩み
あゆむ,1,歩む
ほきゅう,1,補給
ほきょう,1,補強
ほじゅう,1,補充
ほじょ,1,補助
ほしょう,1,補償
ほそく,1,補足
ほ,1,穂
つのる,1,募る
ぼきん,1,募金
ぼち,1,墓地
したう,1,慕う
ぼこう,1,母校
ぼこく,1,母国
あっけない,1,呆気ない
ぼうぜん,1,呆然
ぼうぜん,1,茫然
ほうじる,1,報じる
ほうしゅう,1,報酬
ほうどう,1,報道
たてまつる,1,奉る
ほうし,1,奉仕
みね,1,峰
ほうかい,1,崩壊
だっこ,1,抱っこ
ささげる,1,捧げる
ほうりこむ,1,放り込む
ほうりだす,1,放り出す
ほうき,1,放棄
ほうしゃ,1,放射
ほうしゃのう,1,放射能
ほうしゅつ,1,放出
ほうち,1,放置
ほうさく,1,方策
ほうしき,1,方式
ほうあん,1,法案
ほうがく,1,法学
ほうてい,1,法廷
はちみつ,1,蜂蜜
ほうび,1,褒美
おとずれる,1,訪れる
ほうさく,1,豊作
ほうわ,1,飽和
とぼしい,1,乏しい
かたわら,1,傍ら
ぼうがい,1,妨害
ぼうどう,1,暴動
ぼうふう,1,暴風
ぼうりょく,1,暴力
ばくろ,1,暴露
のぞましい,1,望ましい
ぼうとう,1,冒頭
ぼうせき,1,紡績
ふくれる,1,膨れる
ぼうちょう,1,膨張
ぼうえい,1,防衛
ぼうか,1,防火
ほっぺた,1,ほっぺた
ぼくし,1,牧師
ぼっしゅう,1,没収
ぼつらく,1,没落
ほんね,1,本音
ほんかく,1,本格
ほんかん,1,本館
ほんき,1,本気
ほんごく,1,本国
ほんしつ,1,本質
ほんば,1,本場
ほんたい,1,本体
ほんと,0,本当
ほんのう,1,本能
ほんぶん,1,本文
ほんみょう,1,本名
あさ,1,麻
ますい,1,麻酔
まひ,1,麻痺
うまる,1,埋まる
うずめる,1,埋める
うめこむ,1,埋め込む
まいぞう,1,埋蔵
まく,1,膜
まつ,1,末
まっき,1,末期
ばんにん,1,万人
ばんのう,1,万能
まんせい,1,慢性
みたす,1,満たす
まんげつ,1,満月
まんじょう,1,満場
あじわい,1,味わい
みかく,1,味覚
いまだ,1,未だ
みかい,1,未開
みこん,1,未婚
みじゅく,1,未熟
みち,1,未知
みてい,1,未定
みれん,1,未練
ひそか,1,密か
みっしゅう,1,密集
みっせつ,1,密接
みつど,1,密度
みゃく,1,脈
みんしゅく,1,民宿
みんぞく,1,民俗
みんぞく,1,民族
つとまる,1,務まる
むやみに,1,無闇
むいみ,1,無意味
むごん,1,無言
むこう,1,無効
むくち,1,無口
むじゃき,1,無邪気
むせん,1,無線
むだづかい,1,無駄遣い
むだん,1,無断
むち,1,無知
むちゃ,1,無茶
むちゃくちゃ,1,無茶苦茶
ぶなん,1,無難
むねん,1,無念
むのう,1,無能
むよう,1,無用
ぶれい,1,無礼
むろん,1,無論
むこ,1,婿
なだかい,1,名高い
なふだ,1,名札
めいさん,1,名産
なごり,1,名残
めいしょう,1,名称
なづける,1,名付ける
めいぼ,1,名簿
めいよ,1,名誉
めいちゅう,1,命中
あかす,1,明かす
めいはく,1,明白
めいりょう,1,明瞭
めいろう,1,明朗
ほろびる,1,滅びる
ほろぶ,1,滅ぶ
ほろぼす,1,滅ぼす
めつぼう,1,滅亡
まぬがれる,1,免れる
めんじょ,1,免除
めんする,1,面する
めんかい,1,面会
めんどくさい,0,面倒臭い
めんぼく・めんもく,1,面目
もけい,1,模型
もさく,1,模索
もはん,1,模範
もほう,1,模倣
もうれつ,1,猛烈,
もうてん,1,盲点,
あみ,1,網,
もっか,1,目下,
めざましい,1,目覚ましい,
めざめる,1,目覚める,
めもり,1,目盛り,
めど,1,目途,
めつき,1,目付き,
めかた,1,目方,
もくろく,1,目録,
もくろみ,1,目論見,
とんや,1,問屋,
といあわせる,1,問合せる,
やぐ,1,夜具,
よふかし,1,夜更かし,2
よふけ,1,夜更け
やがい,1,野外
やしん,1,野心
やせい,1,野生
やとう,1,野党
や,1,矢
やたら,1,やたら
やくば,1,役場
やくしょく,1,役職
あぶらえ,1,油絵
ゆう,1,優
ゆうい,1,優位
ゆうえつ,1,優越
ゆうせい,1,優勢
ゆうせん,1,優先
ゆうび,1,優美
ゆうかん,1,勇敢
ゆうれい,1,幽霊
ゆううつ,1,憂鬱
ゆうする,1,有する
ありのまま,1,ありのまま
ゆうえき,1,有益
ゆうき,1,有機
ありふれる,1,有触れる
ゆうぼう,1,有望
ありさま,1,有様
ゆうりょく,1,有力
ゆうどう,1,誘導
ゆうわく,1,誘惑
ゆうぼく,1,遊牧
おす,1,雄
ゆうし,1,融資
ゆうずう,1,融通
ゆうやけ,1,夕焼け
ゆうぐれ,1,夕暮れ
かねて,1,予て
あらかじめ,1,予め
よかん,1,予感
よげん,1,予言
よそう,1,予想
よか,1,余暇
よきょう,1,余興
よそみ,1,余所見
よち,1,余地
よほど,1,余程
よとう,1,与党
よろん,1,輿論
よろん,1,世論
よきん,1,預金
たやすい,1,容易い
ゆさぶる,1,揺さぶる
ゆらぐ,1,揺らぐ
さま,1,様
ようしき,1,様式
ようそう,1,様相
よう,1,洋
ようふう,1,洋風
ようえき,1,溶液
ようけん,1,用件
ようひん,1,用品
ようほう,1,用法
ようする,1,要する
よういん,1,要因
ようせい,1,要請
ようぼう,1,要望
はるか,1,遥か
やしなう,1,養う
ようご,1,養護
ようせい,1,養成
よくあつ,1,抑圧
よくせい,1,抑制
よく,1,欲
よくふかい,1,欲深い
よくぼう,1,欲望
よくしつ,1,浴室
よくじつ,1,翌日
つばさ,1,翼
ねじまわし,1,螺子回し
はだし,1,裸足
きたる,1,来る
らいじょう,1,来場
からむ,1,絡む
おちこむ,1,落ち込む
おちつき,1,落ち着き
おちば,1,落ち葉
らっか,1,落下
らくのう,1,酪農
みだれ,1,乱れ
みだれる,1,乱れる
らんよう,1,濫用
りし,1,利子
りじゅん,1,利潤
りそく,1,利息
りてん,1,利点
りれき,1,履歴
りくつ,1,理屈
りせい,1,理性
りろん,1,理論
うらがえし,1,裏返し
ひきいる,1,率いる
たちよる,1,立寄る
たちさる,1,立去る
りったい,1,立体
たてかえる,1,立替える
りっぽう,1,立方
りっぽう,1,立法
かする,1,掠る
りゃくご,1,略語
りゃくだつ,1,略奪
ながし,1,流し
りゅうつう,1,流通
たまり,1,溜り
りょかく,1,旅客
りょけん,1,旅券
りょうかい,1,了解
りょうしょう,1,了承
りょうきょく,1,両極
りょうりつ,1,両立
しのぐ,1,凌ぐ
よい,1,良い
よし,1,良し
りょうこう,1,良好
りょうしき,1,良識
りょうしつ,1,良質
りょうしん,1,良心
りょういき,1,領域
りょうかい,1,領海
りょうち,1,領地
りょうど,1,領土
りんぎょう,1,林業
のぞむ,1,臨む
るい,1,類
るいじ,1,類似
るいすい,1,類推
たとえ,1,例え
ひやかす,1,冷やかす
れいこく,1,冷酷
れいぞう,1,冷蔵
れいたん,1,冷淡
はげます,1,励ます
はげむ,1,励む
こよみ,1,暦
さける,1,裂ける
こいする,1,恋する
れんあい,1,恋愛
ねる,1,練る
つらなる,1,連なる
つらねる,1,連ねる
れんきゅう,1,連休
れんたい,1,連帯
れんちゅう,1,連中
れんじつ,1,連日
れんぽう,1,連邦
れんめい,1,連盟
つゆ,1,露
ろこつ,1,露骨
いたわる,1,いたわる
ろうりょく,1,労力
いじる,1,弄る
ろうどく,1,朗読
ろうひ,1,浪費
もらす,1,漏らす
もる,1,漏る
もれる,1,漏れる
おいる,1,老いる
ふける,1,老ける
ろうすい,1,老衰
ろんぎ,1,論議
ろんり,1,論理
なごやか,1,和やか
やわらげる,1,和らげる
わふう,1,和風
わぶん,1,和文
ひずむ,1,歪む
ゆがむ,1,歪む
まかなう,1,賄う
わくせい,1,惑星
わく,1,枠
わび,1,詫び
わら,1,藁
うでまえ,1,腕前
せがれ,1,倅
うつむく,1,俯く
はかない,1,儚い
きちょうめん,1,几帳面
とがめる,1,咎める
つぶやく,1,呟く
とっさ,1,咄嗟
しこう,1,嗜好
くちばし,1,嘴
あざわらう,1,嘲笑う
さえずる,1,囀る
おびただしい,1,夥しい
おごる,1,奢る
えんきょく,1,婉曲
しにょう,1,屎尿
はまる,1,嵌る
さまよう,1,さまよう
こじれる,1,拗れる
ねじれる,1,捩れる
もめる,1,揉める
くすぐったい,1,くすぐったい
さらう,1,攫う
ぼやける,1,ぼやける
とげ,1,棘
そり,1,橇
うっとうしい,1,鬱陶しい
むしる,1,毟る
しゃれる,1,洒落る,
かれる,1,涸れる,
かんがい,1,灌漑,2
しみる,1,滲みる,
にじむ,1,滲む,
こす,1,濾す,
いためる,1,炒める,
きらびやか,1,きらびやか,
こうこう,1,煌々,
あざ,1,痣,
ひび,1,ひび,
つぶる,1,瞑る,
ろく,1,碌,
こもる,1,籠もる,
くじ,1,籤,
くじびき,1,籤引き,2
そびえる,1,聳える
つぼみ,1,蕾
あせる,1,褪せる
あつらえる,1,誂える
けなす,1,貶す
もたらす,1,齎す
かかと,1,踵
しつけ,1,躾
しつける,1,しつける
きしむ,1,軋む
へきえき,1,辟易
あられ,1,霰
にきび,1,靤
ばいきん,1,黴菌
いびき,1,鼾
もがく,1,もがく