ÅB,6,ÅB
ÅA,6,ÅA
ÅD,6,ÅD
ÅC,6,ÅC
Åi,6,Åi
Åj,6,Åj
ÅE,6,ÅE
Åõ,6,Åõ
Åú,6,Åú
Åk,6,Åk
Ål,6,Ål
Åm,6,Åm
Ån,6,Ån
[,6,[
],6,]
(,6,(
),6,)
Åy,6,Åy
Åz,6,Åz
ÅF,6,ÅF
Å°,6,Å°
Å†,6,Å†
Åô,6,Åô
Å¢,6,Å¢
Å£,6,Å£
ÇO,6,ÇO
ÇP,6,ÇP
ÇQ,6,ÇQ
ÇR,6,ÇR
ÇS,6,ÇS
ÇT,6,ÇT
ÇU,6,ÇU
ÇV,6,ÇV
ÇW,6,ÇW
ÇX,6,ÇX
0,6,0
1,6,1
2,6,2
3,6,3
4,6,4
5,6,5
6,6,6
7,6,7
8,6,8
9,6,9
Å@,6,Å@
Åu,6,Åu
Åv,6,Åv
ÅI,6,ÅI
ÅH,6,ÅH
!,6,!
?,6,?
Åû,6,Åû
.,6,.
",",6,","
#,6,#
"""",6,""""
%,6,%
&,6,&
=,6,=
(,6,(
),6,)
-,6,-
~,6,~
^,6,^
|,6,|
\,6,\
@,6,@
`,6,`
[,6,[
{,6,{
],6,]
},6,}
+,6,+
;,6,;
*,6,*
:,6,:
<,6,<
>,6,>
?,6,?
_,6,_
A,6,A
B,6,B
C,6,C
D,6,D
E,6,E
F,6,F
G,6,G
H,6,H
I,6,I
J,6,J
K,6,K
L,6,L
M,6,M
N,6,N
O,6,O
P,6,P
Q,6,Q
R,6,R
S,6,S
T,6,T
U,6,U
V,6,V
W,6,W
X,6,X
Y,6,Y
Z,6,Z
a,6,a
b,6,b
c,6,c
d,6,d
e,6,e
f,6,f
g,6,g
h,6,h
i,6,i
j,6,j
k,6,k
l,6,l
m,6,m
n,6,n
o,6,o
p,6,p
q,6,q
r,6,r
s,6,s
t,6,t
u,6,u
v,6,v
w,6,w
x,6,x
y,6,y
z,6,z
